{
  "users": [
    {
      "name": "akshar",
      "email": "akshar111@g.com",
      "username": "123456",
      "id": 5
    },
    {
      "name": "akshar",
      "email": "guha",
      "username": "123",
      "id": 6
    },
    {
      "name": "vasu",
      "email": "vasu@basu.com",
      "username": "123456",
      "id": 7
    },
    {
      "name": "pooja",
      "email": "pooja@g.com",
      "username": "123456",
      "id": 8
    },
    {
      "name": "dope",
      "email": "dope3",
      "password": "doper4",
      "cpass": "dope5",
      "id": 9
    },
    {
      "name": "xxxx",
      "email": "xxxxxx",
      "password": "xxx",
      "cpass": "xxx",
      "id": 10
    }
  ]
}